{
	"settings": {
		"color": {
			"palette": [
				{
					"color": "#dbdbdb",
					"name": "Primary",
					"slug": "primary"
				},
				{
					"color": "#a2a2a2",
					"name": "Secondary",
					"slug": "secondary"
				},
				{
					"color": "#dbdbdb",
					"name": "Foreground",
					"slug": "foreground"
				},
				{
					"color": "#1a1a1a",
					"name": "Background",
					"slug": "background"
				},
				{
					"color": "#282828",
					"name": "Tertiary",
					"slug": "tertiary"
				}
			]
		}
	},
	"styles": {
		"blocks": {
			"core/image": {
				"filter": {
					"duotone": "var:preset|duotone|grayscale"
				}
			},
			"core/post-featured-image": {
				"filter": {
					"duotone": "var:preset|duotone|grayscale"
				}
			},
			"core/post-terms": {
				"typography": {
					"fontSize": "var:preset|font-size|small"
				}
			}
		}
	},
	"title": "Dark",
	"version": 2,
	"$schema": "https://schemas.wp.org/trunk/theme.json"
}