{
	"settings": {
		"color": {
			"palette": [
				{
					"color": "#000000",
					"name": "Primary",
					"slug": "primary"
				},
				{
					"color": "#000000",
					"name": "Secondary",
					"slug": "secondary"
				},
				{
					"color": "#000000",
					"name": "Foreground",
					"slug": "foreground"
				},
				{
					"color": "#ec5e3e",
					"name": "Background",
					"slug": "background"
				},
				{
					"color": "#f86b4b",
					"name": "Tertiary",
					"slug": "tertiary"
				}
			]
		}
	},
	"styles": {
		"blocks": {
			"core/button": {
				"border": {
					"bottom": {
						"color": "var:preset|color|primary",
						"style": "solid",
						"width": "2px"
					},
					"left": {
						"color": "var:preset|color|primary",
						"style": "solid",
						"width": "2px"
					},
					"radius": "0px",
					"right": {
						"color": "var:preset|color|primary",
						"style": "solid",
						"width": "2px"
					},
					"top": {
						"color": "var:preset|color|primary",
						"style": "solid",
						"width": "2px"
					}
				},
				"color": {
					"background": "var:preset|color|background",
					"text": "var:preset|color|primary"
				},
				"variations": {
					"outline": {
						"border": {
							"bottom": {
								"style": "solid",
								"width": "2px"
							},
							"left": {
								"style": "solid",
								"width": "2px"
							},
							"radius": "0px",
							"right": {
								"style": "solid",
								"width": "2px"
							},
							"top": {
								"style": "solid",
								"width": "2px"
							}
						}
					}
				}
			},
			"core/post-featured-image": {
				"filter": {
					"duotone": "unset"
				}
			},
			"core/post-terms": {
				"typography": {
					"fontSize": "var:preset|font-size|small"
				}
			},
			"core/pullquote": {
				"typography": {
					"fontSize": "var:preset|font-size|large",
					"fontStyle": "normal",
					"fontWeight": "400"
				}
			}
		},
		"elements": {
			"caption": {
				"typography": {
					"fontSize": "var:preset|font-size|small"
				}
			}
		},
		"typography": {
			"fontFamily": "var:preset|font-family|sora",
			"fontSize": "1.6rem",
			"fontStyle": "normal",
			"fontWeight": "400",
			"lineHeight": 1.4
		}
	},
	"title": "Fire Opal",
	"version": 2,
	"$schema": "https://schemas.wp.org/trunk/theme.json"
}